<?xml version="1.0" encoding="UTF-8"?>
<tour start="node18" appversion="5.2.2" apprev="15983">
  <panorama id="node18">
    <input levelingpitch="0" leveltilesize="510" leveltileurl="tiles/node18/cf_%c/l_%l/c_%x/tile_%y.jpg" height="3121" overlap="1" levelbiashidpi="0.400" width="3121" levelbias="0.400" levelingroll="0">
      <level height="3121" predecode="0" width="3121" preload="0"/>
      <level height="1560" predecode="0" width="1560" preload="0"/>
      <level height="780" predecode="0" width="780" preload="0"/>
      <level height="390" predecode="1" width="390" preload="1"/>
      <preview strip="1" color="0x808080"/>
    </input>
    <view fovmode="0" pannorth="-129">
      <start projection="4" fov="70" pan="135.095" tilt="2.98646"/>
      <flyin projection="9" fov="170" pan="0" tilt="-90"/>
      <min fov="5" pan="0" tilt="-90"/>
      <max fov="120" pan="360" scaletofit="1" fovfisheye="360" tilt="90" fovstereographic="270"/>
    </view>
    <userdata comment="" latitude="28.70429006913273" copyright="" source="" longitude="-106.15563713136959" author="" customnodeid="" description="" info="" title="Corredor" datetime="6/30/2018 1:31 AM" tags="primaria_panos"/>
    <hotspots height="20" width="180" wordwrap="1">
      <label bordercolor="0x000000" enabled="1" background="1" textcolor="0x000000" height="20" border="1" borderalpha="1" backgroundalpha="1" backgroundcolor="0xffffff" textalpha="1" width="180" borderradius="1" wordwrap="1"/>
      <polystyle bordercolor="0x0000ff" mode="0" borderalpha="1" backgroundalpha="0.2509803921568627" backgroundcolor="0x0000ff" handcursor="1"/>
      <hotspot id="Point01" pan="114.1" url="{node13}" skinid="ht_node" description="" title="" target="" tilt="1"/>
      <hotspot id="Point02" pan="174.61" url="{node17}" skinid="ht_node" description="" title="" target="" tilt="0.46"/>
    </hotspots>
    <media/>
    <transition softedge="0" enabled="0" zoomin="0" blendcolor="0x000000" blendtime="1" zoomout="0" zoomoutpause="1" zoomspeed="2" zoomfov="20" type="crossdissolve"/>
    <animation syncanimationwithvideo="0" useinautorotation="0"/>
    <control contextfullscreen="0" contextprojections="0" speedwheel="1" sensitivity="8" rubberband="0" invertcontrol="1" lockedkeyboard="0" lockedkeyboardzoom="0" invertwheel="0" dblclickfullscreen="0" lockedmouse="0" hideabout="0" lockedwheel="0" simulatemass="1"/>
  </panorama>
  <panorama id="node13">
    <input levelingpitch="0" leveltilesize="510" leveltileurl="tiles/node13/cf_%c/l_%l/c_%x/tile_%y.jpg" height="3115" overlap="1" levelbiashidpi="0.400" width="3115" levelbias="0.400" levelingroll="0">
      <level height="3115" predecode="0" width="3115" preload="0"/>
      <level height="1557" predecode="0" width="1557" preload="0"/>
      <level height="778" predecode="0" width="778" preload="0"/>
      <level height="389" predecode="1" width="389" preload="1"/>
      <preview strip="1" color="0x808080"/>
    </input>
    <view fovmode="0" pannorth="0">
      <start projection="4" fov="70" pan="132" tilt="2.35857"/>
      <flyin projection="9" fov="170" pan="0" tilt="-90"/>
      <min fov="5" pan="0" tilt="-90"/>
      <max fov="120" pan="360" scaletofit="1" fovfisheye="360" tilt="90" fovstereographic="270"/>
    </view>
    <userdata comment="" latitude="28.704112999999996" copyright="" source="" longitude="-106.15537195337293" author="" customnodeid="" description="" info="" title="Explanada" datetime="6/30/2018 1:05 AM" tags="primaria_panos"/>
    <hotspots height="20" width="180" wordwrap="1">
      <label bordercolor="0x000000" enabled="1" background="1" textcolor="0x000000" height="20" border="1" borderalpha="1" backgroundalpha="1" backgroundcolor="0xffffff" textalpha="1" width="180" borderradius="1" wordwrap="1"/>
      <polystyle bordercolor="0x0000ff" mode="0" borderalpha="1" backgroundalpha="0.2509803921568627" backgroundcolor="0x0000ff" handcursor="1"/>
      <hotspot id="Point01" pan="35.74" url="{node18}" skinid="ht_node" description="" title="" target="" tilt="0.82"/>
      <hotspot id="Point02" pan="-91.3" url="{node11}" skinid="ht_node" description="" title="" target="" tilt="-2.5"/>
      <hotspot id="Point03" pan="152.34" url="{node2}" skinid="ht_node" description="" title="" target="" tilt="-0.35"/>
      <hotspot id="Point04" pan="-174.18" url="{node3}" skinid="ht_node" description="" title="" target="" tilt="14.99"/>
      <hotspot id="Point05" pan="152.75" url="{node5}" skinid="ht_node" description="" title="" target="" tilt="12.2"/>
      <hotspot id="Point06" pan="-8.07" url="{node8}" skinid="ht_node" description="" title="" target="" tilt="-0.43"/>
      <hotspot id="Point07" pan="-24.13" url="{node14}" skinid="ht_node" description="" title="" target="" tilt="13.16"/>
    </hotspots>
    <media/>
    <transition softedge="0" enabled="0" zoomin="0" blendcolor="0x000000" blendtime="1" zoomout="0" zoomoutpause="1" zoomspeed="2" zoomfov="20" type="crossdissolve"/>
    <animation syncanimationwithvideo="0" useinautorotation="0"/>
    <control contextfullscreen="0" contextprojections="0" speedwheel="1" sensitivity="8" rubberband="0" invertcontrol="1" lockedkeyboard="0" lockedkeyboardzoom="0" invertwheel="0" dblclickfullscreen="0" lockedmouse="0" hideabout="0" lockedwheel="0" simulatemass="1"/>
  </panorama>
  <panorama id="node11">
    <input levelingpitch="0" leveltilesize="510" leveltileurl="tiles/node11/cf_%c/l_%l/c_%x/tile_%y.jpg" height="3111" overlap="1" levelbiashidpi="0.400" width="3111" levelbias="0.400" levelingroll="0">
      <level height="3111" predecode="0" width="3111" preload="0"/>
      <level height="1555" predecode="0" width="1555" preload="0"/>
      <level height="777" predecode="0" width="777" preload="0"/>
      <level height="388" predecode="1" width="388" preload="1"/>
      <preview strip="1" color="0x808080"/>
    </input>
    <view fovmode="0" pannorth="0">
      <start projection="4" fov="70" pan="-32.3752" tilt="-0.00520039"/>
      <flyin projection="9" fov="170" pan="0" tilt="-90"/>
      <min fov="5" pan="0" tilt="-90"/>
      <max fov="120" pan="360" scaletofit="1" fovfisheye="360" tilt="90" fovstereographic="270"/>
    </view>
    <userdata comment="" latitude="28.70418379449054" copyright="" source="" longitude="-106.15508452264976" author="" customnodeid="" description="" info="" title="Cancha" datetime="6/30/2018 12:57 AM" tags="primaria_panos"/>
    <hotspots height="20" width="180" wordwrap="1">
      <label bordercolor="0x000000" enabled="1" background="1" textcolor="0x000000" height="20" border="1" borderalpha="1" backgroundalpha="1" backgroundcolor="0xffffff" textalpha="1" width="180" borderradius="1" wordwrap="1"/>
      <polystyle bordercolor="0x0000ff" mode="0" borderalpha="1" backgroundalpha="0.2509803921568627" backgroundcolor="0x0000ff" handcursor="1"/>
      <hotspot id="Point01" pan="102.74" url="{node13}" skinid="ht_node" description="" title="" target="" tilt="3.3"/>
      <hotspot id="Point02" pan="-171.83" url="{node12}" skinid="ht_node" description="" title="" target="" tilt="-1.39"/>
    </hotspots>
    <media/>
    <transition softedge="0" enabled="0" zoomin="0" blendcolor="0x000000" blendtime="1" zoomout="0" zoomoutpause="1" zoomspeed="2" zoomfov="20" type="crossdissolve"/>
    <animation syncanimationwithvideo="0" useinautorotation="0"/>
    <control contextfullscreen="0" contextprojections="0" speedwheel="1" sensitivity="8" rubberband="0" invertcontrol="1" lockedkeyboard="0" lockedkeyboardzoom="0" invertwheel="0" dblclickfullscreen="0" lockedmouse="0" hideabout="0" lockedwheel="0" simulatemass="1"/>
  </panorama>
  <panorama id="node2">
    <input levelingpitch="0" leveltilesize="510" leveltileurl="tiles/node2/cf_%c/l_%l/c_%x/tile_%y.jpg" height="3107" overlap="1" levelbiashidpi="0.400" width="3107" levelbias="0.400" levelingroll="0">
      <level height="3107" predecode="0" width="3107" preload="0"/>
      <level height="1553" predecode="0" width="1553" preload="0"/>
      <level height="776" predecode="0" width="776" preload="0"/>
      <level height="388" predecode="1" width="388" preload="1"/>
      <preview strip="1" color="0x808080"/>
    </input>
    <view fovmode="0" pannorth="32">
      <start projection="4" fov="70" pan="134.434" tilt="-0.804456"/>
      <flyin projection="9" fov="170" pan="0" tilt="-90"/>
      <min fov="5" pan="0" tilt="-90"/>
      <max fov="120" pan="360" scaletofit="1" fovfisheye="360" tilt="90" fovstereographic="270"/>
    </view>
    <userdata comment="" latitude="28.70398463343835" copyright="" source="" longitude="-106.15539737637641" author="" customnodeid="" description="" info="" title="Primero" datetime="6/30/2018 12:09 AM" tags="primaria_panos"/>
    <hotspots height="20" width="180" wordwrap="1">
      <label bordercolor="0x000000" enabled="1" background="1" textcolor="0x000000" height="20" border="1" borderalpha="1" backgroundalpha="1" backgroundcolor="0xffffff" textalpha="1" width="180" borderradius="1" wordwrap="1"/>
      <polystyle bordercolor="0x0000ff" mode="0" borderalpha="1" backgroundalpha="0.2509803921568627" backgroundcolor="0x0000ff" handcursor="1"/>
      <hotspot id="Point01" pan="104.33" url="{node13}" skinid="ht_node" description="" title="" target="" tilt="-1.4"/>
    </hotspots>
    <media/>
    <transition softedge="0" enabled="0" zoomin="0" blendcolor="0x000000" blendtime="1" zoomout="0" zoomoutpause="1" zoomspeed="2" zoomfov="20" type="crossdissolve"/>
    <animation syncanimationwithvideo="0" useinautorotation="0"/>
    <control contextfullscreen="0" contextprojections="0" speedwheel="1" sensitivity="8" rubberband="0" invertcontrol="1" lockedkeyboard="0" lockedkeyboardzoom="0" invertwheel="0" dblclickfullscreen="0" lockedmouse="0" hideabout="0" lockedwheel="0" simulatemass="1"/>
  </panorama>
  <panorama id="node3">
    <input levelingpitch="0" leveltilesize="510" leveltileurl="tiles/node3/cf_%c/l_%l/c_%x/tile_%y.jpg" height="3106" overlap="1" levelbiashidpi="0.400" width="3106" levelbias="0.400" levelingroll="0">
      <level height="3106" predecode="0" width="3106" preload="0"/>
      <level height="1553" predecode="0" width="1553" preload="0"/>
      <level height="776" predecode="0" width="776" preload="0"/>
      <level height="388" predecode="1" width="388" preload="1"/>
      <preview strip="1" color="0x808080"/>
    </input>
    <view fovmode="0" pannorth="153">
      <start projection="4" fov="70" pan="57.1239" tilt="-0.682547"/>
      <flyin projection="9" fov="170" pan="0" tilt="-90"/>
      <min fov="5" pan="0" tilt="-90"/>
      <max fov="120" pan="360" scaletofit="1" fovfisheye="360" tilt="90" fovstereographic="270"/>
    </view>
    <userdata comment="" latitude="28.70399323409883" copyright="" source="" longitude="-106.15532055704307" author="" customnodeid="" description="" info="" title="Quinto" datetime="6/30/2018 12:15 AM" tags="primaria_panos"/>
    <hotspots height="20" width="180" wordwrap="1">
      <label bordercolor="0x000000" enabled="1" background="1" textcolor="0x000000" height="20" border="1" borderalpha="1" backgroundalpha="1" backgroundcolor="0xffffff" textalpha="1" width="180" borderradius="1" wordwrap="1"/>
      <polystyle bordercolor="0x0000ff" mode="0" borderalpha="1" backgroundalpha="0.2509803921568627" backgroundcolor="0x0000ff" handcursor="1"/>
      <hotspot id="Point01" pan="176.16" url="{node13}" skinid="ht_node" description="" title="" target="" tilt="0.03"/>
    </hotspots>
    <media/>
    <transition softedge="0" enabled="0" zoomin="0" blendcolor="0x000000" blendtime="1" zoomout="0" zoomoutpause="1" zoomspeed="2" zoomfov="20" type="crossdissolve"/>
    <animation syncanimationwithvideo="0" useinautorotation="0"/>
    <control contextfullscreen="0" contextprojections="0" speedwheel="1" sensitivity="8" rubberband="0" invertcontrol="1" lockedkeyboard="0" lockedkeyboardzoom="0" invertwheel="0" dblclickfullscreen="0" lockedmouse="0" hideabout="0" lockedwheel="0" simulatemass="1"/>
  </panorama>
  <panorama id="node5">
    <input levelingpitch="0" leveltilesize="510" leveltileurl="tiles/node5/cf_%c/l_%l/c_%x/tile_%y.jpg" height="3120" overlap="1" levelbiashidpi="0.400" width="3120" levelbias="0.400" levelingroll="0">
      <level height="3120" predecode="0" width="3120" preload="0"/>
      <level height="1560" predecode="0" width="1560" preload="0"/>
      <level height="780" predecode="0" width="780" preload="0"/>
      <level height="390" predecode="1" width="390" preload="1"/>
      <preview strip="1" color="0x808080"/>
    </input>
    <view fovmode="0" pannorth="76">
      <start projection="4" fov="70" pan="164.932" tilt="-2.02364"/>
      <flyin projection="9" fov="170" pan="0" tilt="-90"/>
      <min fov="5" pan="0" tilt="-90"/>
      <max fov="120" pan="360" scaletofit="1" fovfisheye="360" tilt="90" fovstereographic="270"/>
    </view>
    <userdata comment="" latitude="28.704004762997208" copyright="" source="" longitude="-106.1552589619713" author="" customnodeid="" description="" info="" title="Salon" datetime="6/30/2018 12:29 AM" tags="primaria_panos"/>
    <hotspots height="20" width="180" wordwrap="1">
      <label bordercolor="0x000000" enabled="1" background="1" textcolor="0x000000" height="20" border="1" borderalpha="1" backgroundalpha="1" backgroundcolor="0xffffff" textalpha="1" width="180" borderradius="1" wordwrap="1"/>
      <polystyle bordercolor="0x0000ff" mode="0" borderalpha="1" backgroundalpha="0.2509803921568627" backgroundcolor="0x0000ff" handcursor="1"/>
      <hotspot id="Point01" pan="42.62" url="{node13}" skinid="ht_node" description="" title="" target="" tilt="-1.54"/>
    </hotspots>
    <media/>
    <transition softedge="0" enabled="0" zoomin="0" blendcolor="0x000000" blendtime="1" zoomout="0" zoomoutpause="1" zoomspeed="2" zoomfov="20" type="crossdissolve"/>
    <animation syncanimationwithvideo="0" useinautorotation="0"/>
    <control contextfullscreen="0" contextprojections="0" speedwheel="1" sensitivity="8" rubberband="0" invertcontrol="1" lockedkeyboard="0" lockedkeyboardzoom="0" invertwheel="0" dblclickfullscreen="0" lockedmouse="0" hideabout="0" lockedwheel="0" simulatemass="1"/>
  </panorama>
  <panorama id="node8">
    <input levelingpitch="0" leveltilesize="510" leveltileurl="tiles/node8/cf_%c/l_%l/c_%x/tile_%y.jpg" height="3106" overlap="1" levelbiashidpi="0.400" width="3106" levelbias="0.400" levelingroll="0">
      <level height="3106" predecode="0" width="3106" preload="0"/>
      <level height="1553" predecode="0" width="1553" preload="0"/>
      <level height="776" predecode="0" width="776" preload="0"/>
      <level height="388" predecode="1" width="388" preload="1"/>
      <preview strip="1" color="0x808080"/>
    </input>
    <view fovmode="0" pannorth="0">
      <start projection="4" fov="70" pan="82.2445" tilt="0.579187"/>
      <flyin projection="9" fov="170" pan="0" tilt="-90"/>
      <min fov="5" pan="0" tilt="-90"/>
      <max fov="120" pan="360" scaletofit="1" fovfisheye="360" tilt="90" fovstereographic="270"/>
    </view>
    <userdata comment="" latitude="28.70427084047993" copyright="" source="" longitude="-106.15537420122337" author="" customnodeid="" description="" info="" title="Salon" datetime="6/30/2018 12:46 AM" tags="primaria_panos"/>
    <hotspots height="20" width="180" wordwrap="1">
      <label bordercolor="0x000000" enabled="1" background="1" textcolor="0x000000" height="20" border="1" borderalpha="1" backgroundalpha="1" backgroundcolor="0xffffff" textalpha="1" width="180" borderradius="1" wordwrap="1"/>
      <polystyle bordercolor="0x0000ff" mode="0" borderalpha="1" backgroundalpha="0.2509803921568627" backgroundcolor="0x0000ff" handcursor="1"/>
      <hotspot id="Point01" pan="110.55" url="{node13}" skinid="ht_node" description="" title="" target="" tilt="-1.22"/>
    </hotspots>
    <media/>
    <transition softedge="0" enabled="0" zoomin="0" blendcolor="0x000000" blendtime="1" zoomout="0" zoomoutpause="1" zoomspeed="2" zoomfov="20" type="crossdissolve"/>
    <animation syncanimationwithvideo="0" useinautorotation="0"/>
    <control contextfullscreen="0" contextprojections="0" speedwheel="1" sensitivity="8" rubberband="0" invertcontrol="1" lockedkeyboard="0" lockedkeyboardzoom="0" invertwheel="0" dblclickfullscreen="0" lockedmouse="0" hideabout="0" lockedwheel="0" simulatemass="1"/>
  </panorama>
  <panorama id="node12">
    <input levelingpitch="0" leveltilesize="510" leveltileurl="tiles/node12/cf_%c/l_%l/c_%x/tile_%y.jpg" height="3113" overlap="1" levelbiashidpi="0.400" width="3113" levelbias="0.400" levelingroll="0">
      <level height="3113" predecode="0" width="3113" preload="0"/>
      <level height="1556" predecode="0" width="1556" preload="0"/>
      <level height="778" predecode="0" width="778" preload="0"/>
      <level height="389" predecode="1" width="389" preload="1"/>
      <preview strip="1" color="0x808080"/>
    </input>
    <view fovmode="0" pannorth="0">
      <start projection="4" fov="70" pan="52.3943" tilt="4.36865"/>
      <flyin projection="9" fov="170" pan="0" tilt="-90"/>
      <min fov="5" pan="0" tilt="-90"/>
      <max fov="120" pan="360" scaletofit="1" fovfisheye="360" tilt="90" fovstereographic="270"/>
    </view>
    <userdata comment="" latitude="28.70418379449054" copyright="" source="" longitude="-106.15485385267448" author="" customnodeid="" description="" info="" title="Juegos" datetime="6/30/2018 1:01 AM" tags="primaria_panos"/>
    <hotspots height="20" width="180" wordwrap="1">
      <label bordercolor="0x000000" enabled="1" background="1" textcolor="0x000000" height="20" border="1" borderalpha="1" backgroundalpha="1" backgroundcolor="0xffffff" textalpha="1" width="180" borderradius="1" wordwrap="1"/>
      <polystyle bordercolor="0x0000ff" mode="0" borderalpha="1" backgroundalpha="0.2509803921568627" backgroundcolor="0x0000ff" handcursor="1"/>
      <hotspot id="Point01" pan="21.58" url="{node11}" skinid="ht_node" description="" title="" target="" tilt="11.77"/>
    </hotspots>
    <media/>
    <transition softedge="0" enabled="0" zoomin="0" blendcolor="0x000000" blendtime="1" zoomout="0" zoomoutpause="1" zoomspeed="2" zoomfov="20" type="crossdissolve"/>
    <animation syncanimationwithvideo="0" useinautorotation="0"/>
    <control contextfullscreen="0" contextprojections="0" speedwheel="1" sensitivity="8" rubberband="0" invertcontrol="1" lockedkeyboard="0" lockedkeyboardzoom="0" invertwheel="0" dblclickfullscreen="0" lockedmouse="0" hideabout="0" lockedwheel="0" simulatemass="1"/>
  </panorama>
  <panorama id="node14">
    <input levelingpitch="0" leveltilesize="510" leveltileurl="tiles/node14/cf_%c/l_%l/c_%x/tile_%y.jpg" height="3113" overlap="1" levelbiashidpi="0.400" width="3113" levelbias="0.400" levelingroll="0">
      <level height="3113" predecode="0" width="3113" preload="0"/>
      <level height="1556" predecode="0" width="1556" preload="0"/>
      <level height="778" predecode="0" width="778" preload="0"/>
      <level height="389" predecode="1" width="389" preload="1"/>
      <preview strip="1" color="0x808080"/>
    </input>
    <view fovmode="0" pannorth="34">
      <start projection="4" fov="70" pan="83.2244" tilt="2.47476"/>
      <flyin projection="9" fov="170" pan="0" tilt="-90"/>
      <min fov="5" pan="0" tilt="-90"/>
      <max fov="120" pan="360" scaletofit="1" fovfisheye="360" tilt="90" fovstereographic="270"/>
    </view>
    <userdata comment="" latitude="28.70422614119713" copyright="" source="" longitude="-106.15522399751853" author="" customnodeid="" description="" info="" title="Computo" datetime="6/30/2018 1:12 AM" tags="primaria_panos"/>
    <hotspots height="20" width="180" wordwrap="1">
      <label bordercolor="0x000000" enabled="1" background="1" textcolor="0x000000" height="20" border="1" borderalpha="1" backgroundalpha="1" backgroundcolor="0xffffff" textalpha="1" width="180" borderradius="1" wordwrap="1"/>
      <polystyle bordercolor="0x0000ff" mode="0" borderalpha="1" backgroundalpha="0.2509803921568627" backgroundcolor="0x0000ff" handcursor="1"/>
      <hotspot id="Point01" pan="156.56" url="{node13}" skinid="ht_node" description="" title="" target="" tilt="-3.55"/>
    </hotspots>
    <media/>
    <transition softedge="0" enabled="0" zoomin="0" blendcolor="0x000000" blendtime="1" zoomout="0" zoomoutpause="1" zoomspeed="2" zoomfov="20" type="crossdissolve"/>
    <animation syncanimationwithvideo="0" useinautorotation="0"/>
    <control contextfullscreen="0" contextprojections="0" speedwheel="1" sensitivity="8" rubberband="0" invertcontrol="1" lockedkeyboard="0" lockedkeyboardzoom="0" invertwheel="0" dblclickfullscreen="0" lockedmouse="0" hideabout="0" lockedwheel="0" simulatemass="1"/>
  </panorama>
  <panorama id="node17">
    <input levelingpitch="0" leveltilesize="510" leveltileurl="tiles/node17/cf_%c/l_%l/c_%x/tile_%y.jpg" height="3101" overlap="1" levelbiashidpi="0.400" width="3101" levelbias="0.400" levelingroll="0">
      <level height="3101" predecode="0" width="3101" preload="0"/>
      <level height="1550" predecode="0" width="1550" preload="0"/>
      <level height="775" predecode="0" width="775" preload="0"/>
      <level height="387" predecode="1" width="387" preload="1"/>
      <preview strip="1" color="0x808080"/>
    </input>
    <view fovmode="0" pannorth="-120">
      <start projection="4" fov="70" pan="126.345" tilt="1.55944"/>
      <flyin projection="9" fov="170" pan="0" tilt="-90"/>
      <min fov="5" pan="0" tilt="-90"/>
      <max fov="120" pan="360" scaletofit="1" fovfisheye="360" tilt="90" fovstereographic="270"/>
    </view>
    <userdata comment="" latitude="28.70433385209254" copyright="" source="" longitude="-106.15528442088413" author="" customnodeid="" description="" info="" title="Cafeteria" datetime="6/30/2018 1:24 AM" tags="primaria_panos"/>
    <hotspots height="20" width="180" wordwrap="1">
      <label bordercolor="0x000000" enabled="1" background="1" textcolor="0x000000" height="20" border="1" borderalpha="1" backgroundalpha="1" backgroundcolor="0xffffff" textalpha="1" width="180" borderradius="1" wordwrap="1"/>
      <polystyle bordercolor="0x0000ff" mode="0" borderalpha="1" backgroundalpha="0.2509803921568627" backgroundcolor="0x0000ff" handcursor="1"/>
      <hotspot id="Point01" pan="-64.49" url="{node18}" skinid="ht_node" description="" title="" target="" tilt="-1.03"/>
    </hotspots>
    <media/>
    <transition softedge="0" enabled="0" zoomin="0" blendcolor="0x000000" blendtime="1" zoomout="0" zoomoutpause="1" zoomspeed="2" zoomfov="20" type="crossdissolve"/>
    <animation syncanimationwithvideo="0" useinautorotation="0"/>
    <control contextfullscreen="0" contextprojections="0" speedwheel="1" sensitivity="8" rubberband="0" invertcontrol="1" lockedkeyboard="0" lockedkeyboardzoom="0" invertwheel="0" dblclickfullscreen="0" lockedmouse="0" hideabout="0" lockedwheel="0" simulatemass="1"/>
  </panorama>
</tour>
