<?xml version="1.0" encoding="UTF-8"?>
<tour apprev="15983" appversion="5.2.2" start="node1">
  <panorama id="node1">
    <input width="3113" leveltilesize="510" levelbias="0.400" overlap="1" levelingpitch="0" leveltileurl="tiles/node1/cf_%c/l_%l/c_%x/tile_%y.jpg" height="3113" levelbiashidpi="0.400" levelingroll="0">
      <level width="3113" predecode="0" preload="0" height="3113"/>
      <level width="1556" predecode="0" preload="0" height="1556"/>
      <level width="778" predecode="0" preload="0" height="778"/>
      <level width="389" predecode="1" preload="1" height="389"/>
      <preview color="0x808080" strip="1"/>
    </input>
    <view fovmode="0" pannorth="-126">
      <start projection="4" tilt="-1.8107" fov="70" pan="-63.1089"/>
      <flyin projection="9" tilt="-90" fov="170" pan="0"/>
      <min tilt="-90" fov="5" pan="0"/>
      <max fovstereographic="270" tilt="90" scaletofit="1" fov="120" pan="360" fovfisheye="360"/>
    </view>
    <userdata longitude="-106.15664300000003" customnodeid="" author="" comment="" tags="panos secundaria ultimate|N1" datetime="5/11/2018 9:12 PM" copyright="" latitude="28.703965294799733" source="" title="Entrada" info="" description=""/>
    <hotspots width="180" height="20" wordwrap="1">
      <label width="180" bordercolor="0x000000" borderradius="1" borderalpha="1" textalpha="1" backgroundcolor="0xffffff" border="1" enabled="1" textcolor="0x000000" backgroundalpha="1" height="20" background="1" wordwrap="1"/>
      <polystyle bordercolor="0x0000ff" borderalpha="1" mode="0" backgroundcolor="0x0000ff" handcursor="1" backgroundalpha="0.2509803921568627"/>
      <hotspot id="Point01" url="{node2}" skinid="ht_node" tilt="1.12" title="" target="-74.6/1.9/70.0" description="" pan="-64.26"/>
    </hotspots>
    <media/>
    <transition zoomout="0" zoomoutpause="1" softedge="0" enabled="0" zoomfov="20" zoomin="0" zoomspeed="2" type="crossdissolve" blendtime="1" blendcolor="0x000000"/>
    <control lockedwheel="0" speedwheel="1" invertcontrol="1" sensitivity="8" lockedmouse="0" simulatemass="1" lockedkeyboard="0" rubberband="0" hideabout="0" lockedkeyboardzoom="0" invertwheel="0" contextfullscreen="0" contextprojections="0" dblclickfullscreen="0"/>
  </panorama>
  <panorama id="node2">
    <input width="3115" leveltilesize="510" levelbias="0.400" overlap="1" levelingpitch="0" leveltileurl="tiles/node2/cf_%c/l_%l/c_%x/tile_%y.jpg" height="3115" levelbiashidpi="0.400" levelingroll="0">
      <level width="3115" predecode="0" preload="0" height="3115"/>
      <level width="1557" predecode="0" preload="0" height="1557"/>
      <level width="778" predecode="0" preload="0" height="778"/>
      <level width="389" predecode="1" preload="1" height="389"/>
      <preview color="0x808080" strip="1"/>
    </input>
    <view fovmode="0" pannorth="213">
      <start projection="4" tilt="8.72324" fov="70" pan="-77.4592"/>
      <flyin projection="9" tilt="-90" fov="170" pan="0"/>
      <min tilt="-90" fov="5" pan="0"/>
      <max fovstereographic="270" tilt="90" scaletofit="1" fov="120" pan="360" fovfisheye="360"/>
    </view>
    <userdata longitude="-106.15676100000002" customnodeid="" author="" comment="" tags="panos secundaria ultimate|N1" datetime="5/11/2018 9:08 PM" copyright="" latitude="28.704033000000017" source="" title="Explanada" info="" description=""/>
    <hotspots width="180" height="20" wordwrap="1">
      <label width="180" bordercolor="0x000000" borderradius="1" borderalpha="1" textalpha="1" backgroundcolor="0xffffff" border="1" enabled="1" textcolor="0x000000" backgroundalpha="1" height="20" background="1" wordwrap="1"/>
      <polystyle bordercolor="0x0000ff" borderalpha="1" mode="0" backgroundcolor="0x0000ff" handcursor="1" backgroundalpha="0.2509803921568627"/>
      <hotspot id="Point01" url="{node1}" skinid="ht_node" tilt="-0.91" title="" target="" description="" pan="95.31"/>
      <hotspot id="Point02" url="{node5}" skinid="ht_node" tilt="-5.99" title="" target="" description="" pan="138.23"/>
      <hotspot id="Point03" url="{node3}" skinid="ht_node" tilt="2.34" title="" target="" description="" pan="-57.18"/>
      <hotspot id="Point04" url="{node4}" skinid="ht_node" tilt="2.56" title="LaCafe" target="" description="" pan="2.2"/>
      <hotspot id="Point05" url="{node9}" skinid="ht_node" tilt="21.66" title="" target="" description="" pan="-148.91"/>
    </hotspots>
    <media/>
    <transition zoomout="0" zoomoutpause="1" softedge="0" enabled="0" zoomfov="20" zoomin="0" zoomspeed="2" type="crossdissolve" blendtime="1" blendcolor="0x000000"/>
    <control lockedwheel="0" speedwheel="1" invertcontrol="1" sensitivity="8" lockedmouse="0" simulatemass="1" lockedkeyboard="0" rubberband="0" hideabout="0" lockedkeyboardzoom="0" invertwheel="0" contextfullscreen="0" contextprojections="0" dblclickfullscreen="0"/>
  </panorama>
  <panorama id="node4">
    <input width="3108" leveltilesize="510" levelbias="0.400" overlap="1" levelingpitch="0" leveltileurl="tiles/node4/cf_%c/l_%l/c_%x/tile_%y.jpg" height="3108" levelbiashidpi="0.400" levelingroll="0">
      <level width="3108" predecode="0" preload="0" height="3108"/>
      <level width="1554" predecode="0" preload="0" height="1554"/>
      <level width="777" predecode="0" preload="0" height="777"/>
      <level width="388" predecode="1" preload="1" height="388"/>
      <preview color="0x808080" strip="1"/>
    </input>
    <view fovmode="0" pannorth="139">
      <start projection="4" tilt="-0.610061" fov="70" pan="10.2508"/>
      <flyin projection="9" tilt="-90" fov="170" pan="0"/>
      <min tilt="-90" fov="5" pan="0"/>
      <max fovstereographic="270" tilt="90" scaletofit="1" fov="120" pan="360" fovfisheye="360"/>
    </view>
    <userdata longitude="-106.15685895337299" customnodeid="" author="" comment="" tags="panos secundaria ultimate|N1" datetime="4/17/2018 5:24 AM" copyright="" latitude="28.703931705202017" source="" title="Cafetería" info="" description=""/>
    <hotspots width="180" height="20" wordwrap="1">
      <label width="180" bordercolor="0x000000" borderradius="1" borderalpha="1" textalpha="1" backgroundcolor="0xffffff" border="1" enabled="1" textcolor="0x000000" backgroundalpha="1" height="20" background="1" wordwrap="1"/>
      <polystyle bordercolor="0x0000ff" borderalpha="1" mode="0" backgroundcolor="0x0000ff" handcursor="1" backgroundalpha="0.2509803921568627"/>
      <hotspot id="Point01" url="{node2}" skinid="ht_node" tilt="-2.1" title="" target="" description="" pan="139.12"/>
    </hotspots>
    <media/>
    <transition zoomout="0" zoomoutpause="1" softedge="0" enabled="0" zoomfov="20" zoomin="0" zoomspeed="2" type="crossdissolve" blendtime="1" blendcolor="0x000000"/>
    <control lockedwheel="0" speedwheel="1" invertcontrol="1" sensitivity="8" lockedmouse="0" simulatemass="1" lockedkeyboard="0" rubberband="0" hideabout="0" lockedkeyboardzoom="0" invertwheel="0" contextfullscreen="0" contextprojections="0" dblclickfullscreen="0"/>
  </panorama>
  <panorama id="node3">
    <input width="3128" leveltilesize="510" levelbias="0.400" overlap="1" levelingpitch="0" leveltileurl="tiles/node3/cf_%c/l_%l/c_%x/tile_%y.jpg" height="3128" levelbiashidpi="0.400" levelingroll="0">
      <level width="3128" predecode="0" preload="0" height="3128"/>
      <level width="1564" predecode="0" preload="0" height="1564"/>
      <level width="782" predecode="0" preload="0" height="782"/>
      <level width="391" predecode="1" preload="1" height="391"/>
      <preview color="0x808080" strip="1"/>
    </input>
    <view fovmode="0" pannorth="220">
      <start projection="4" tilt="3.90332" fov="70" pan="174.705"/>
      <flyin projection="9" tilt="-90" fov="170" pan="0"/>
      <min tilt="-90" fov="5" pan="0"/>
      <max fovstereographic="270" tilt="90" scaletofit="1" fov="120" pan="360" fovfisheye="360"/>
    </view>
    <userdata longitude="-106.15695286011885" customnodeid="" author="" comment="" tags="panos secundaria ultimate|N1" datetime="5/11/2018 8:59 PM" copyright="" latitude="28.704045352598467" source="" title="Explanada" info="" description=""/>
    <hotspots width="180" height="20" wordwrap="1">
      <label width="180" bordercolor="0x000000" borderradius="1" borderalpha="1" textalpha="1" backgroundcolor="0xffffff" border="1" enabled="1" textcolor="0x000000" backgroundalpha="1" height="20" background="1" wordwrap="1"/>
      <polystyle bordercolor="0x0000ff" borderalpha="1" mode="0" backgroundcolor="0x0000ff" handcursor="1" backgroundalpha="0.2509803921568627"/>
      <hotspot id="Point01" url="{node2}" skinid="ht_node" tilt="-0.59" title="" target="" description="" pan="130.27"/>
      <hotspot id="Point02" url="{node8}" skinid="ht_node" tilt="-0.07" title="" target="" description="" pan="-130.71"/>
      <hotspot id="Point03" url="{node10}" skinid="ht_node" tilt="23.61" title="" target="" description="" pan="-132.17"/>
    </hotspots>
    <media/>
    <transition zoomout="0" zoomoutpause="1" softedge="0" enabled="0" zoomfov="20" zoomin="0" zoomspeed="2" type="crossdissolve" blendtime="1" blendcolor="0x000000"/>
    <control lockedwheel="0" speedwheel="1" invertcontrol="1" sensitivity="8" lockedmouse="0" simulatemass="1" lockedkeyboard="0" rubberband="0" hideabout="0" lockedkeyboardzoom="0" invertwheel="0" contextfullscreen="0" contextprojections="0" dblclickfullscreen="0"/>
  </panorama>
  <panorama id="node5">
    <input width="3117" leveltilesize="510" levelbias="0.400" overlap="1" levelingpitch="0" leveltileurl="tiles/node5/cf_%c/l_%l/c_%x/tile_%y.jpg" height="3117" levelbiashidpi="0.400" levelingroll="0">
      <level width="3117" predecode="0" preload="0" height="3117"/>
      <level width="1558" predecode="0" preload="0" height="1558"/>
      <level width="779" predecode="0" preload="0" height="779"/>
      <level width="389" predecode="1" preload="1" height="389"/>
      <preview color="0x808080" strip="1"/>
    </input>
    <view fovmode="0" pannorth="-222">
      <start projection="4" tilt="-3.09001" fov="70" pan="144.378"/>
      <flyin projection="9" tilt="-90" fov="170" pan="0"/>
      <min tilt="-90" fov="5" pan="0"/>
      <max fovstereographic="270" tilt="90" scaletofit="1" fov="120" pan="360" fovfisheye="360"/>
    </view>
    <userdata longitude="-106.1566559300594" customnodeid="" author="" comment="" tags="panos secundaria ultimate|N1" datetime="5/11/2018 8:50 PM" copyright="" latitude="28.704111118507868" source="" title="Escaleras" info="" description=""/>
    <hotspots width="180" height="20" wordwrap="1">
      <label width="180" bordercolor="0x000000" borderradius="1" borderalpha="1" textalpha="1" backgroundcolor="0xffffff" border="1" enabled="1" textcolor="0x000000" backgroundalpha="1" height="20" background="1" wordwrap="1"/>
      <polystyle bordercolor="0x0000ff" borderalpha="1" mode="0" backgroundcolor="0x0000ff" handcursor="1" backgroundalpha="0.2509803921568627"/>
      <hotspot id="Point01" url="{node2}" skinid="ht_node" tilt="16.35" title="" target="" description="" pan="-66.62"/>
      <hotspot id="Point02" url="{node6}" skinid="ht_node" tilt="-8.93" title="" target="" description="" pan="142.58"/>
      <hotspot id="Point03" url="{node7}" skinid="ht_node" tilt="1.8" title="" target="" description="" pan="-136.53"/>
    </hotspots>
    <media/>
    <transition zoomout="0" zoomoutpause="1" softedge="0" enabled="0" zoomfov="20" zoomin="0" zoomspeed="2" type="crossdissolve" blendtime="1" blendcolor="0x000000"/>
    <control lockedwheel="0" speedwheel="1" invertcontrol="1" sensitivity="8" lockedmouse="0" simulatemass="1" lockedkeyboard="0" rubberband="0" hideabout="0" lockedkeyboardzoom="0" invertwheel="0" contextfullscreen="0" contextprojections="0" dblclickfullscreen="0"/>
  </panorama>
  <panorama id="node6">
    <input width="3126" leveltilesize="510" levelbias="0.400" overlap="1" levelingpitch="0" leveltileurl="tiles/node6/cf_%c/l_%l/c_%x/tile_%y.jpg" height="3126" levelbiashidpi="0.400" levelingroll="0">
      <level width="3126" predecode="0" preload="0" height="3126"/>
      <level width="1563" predecode="0" preload="0" height="1563"/>
      <level width="781" predecode="0" preload="0" height="781"/>
      <level width="390" predecode="1" preload="1" height="390"/>
      <preview color="0x808080" strip="1"/>
    </input>
    <view fovmode="0" pannorth="225">
      <start projection="4" tilt="4.83854" fov="70" pan="114.565"/>
      <flyin projection="9" tilt="-90" fov="170" pan="0"/>
      <min tilt="-90" fov="5" pan="0"/>
      <max fovstereographic="270" tilt="90" scaletofit="1" fov="120" pan="360" fovfisheye="360"/>
    </view>
    <userdata longitude="-106.15684399999998" customnodeid="" author="" comment="" tags="panos secundaria ultimate|N1" datetime="5/11/2018 8:53 PM" copyright="" latitude="28.704282586669322" source="" title="Cancha" info="" description=""/>
    <hotspots width="180" height="20" wordwrap="1">
      <label width="180" bordercolor="0x000000" borderradius="1" borderalpha="1" textalpha="1" backgroundcolor="0xffffff" border="1" enabled="1" textcolor="0x000000" backgroundalpha="1" height="20" background="1" wordwrap="1"/>
      <polystyle bordercolor="0x0000ff" borderalpha="1" mode="0" backgroundcolor="0x0000ff" handcursor="1" backgroundalpha="0.2509803921568627"/>
      <hotspot id="Point01" url="{node5}" skinid="ht_node" tilt="2.69" title="" target="" description="" pan="107.23"/>
    </hotspots>
    <media/>
    <transition zoomout="0" zoomoutpause="1" softedge="0" enabled="0" zoomfov="20" zoomin="0" zoomspeed="2" type="crossdissolve" blendtime="1" blendcolor="0x000000"/>
    <control lockedwheel="0" speedwheel="1" invertcontrol="1" sensitivity="8" lockedmouse="0" simulatemass="1" lockedkeyboard="0" rubberband="0" hideabout="0" lockedkeyboardzoom="0" invertwheel="0" contextfullscreen="0" contextprojections="0" dblclickfullscreen="0"/>
  </panorama>
  <panorama id="node7">
    <input width="3170" leveltilesize="510" levelbias="0.400" overlap="1" levelingpitch="0" leveltileurl="tiles/node7/cf_%c/l_%l/c_%x/tile_%y.jpg" height="3170" levelbiashidpi="0.400" levelingroll="0">
      <level width="3170" predecode="0" preload="0" height="3170"/>
      <level width="1585" predecode="0" preload="0" height="1585"/>
      <level width="792" predecode="0" preload="0" height="792"/>
      <level width="396" predecode="1" preload="1" height="396"/>
      <preview color="0x808080" strip="1"/>
    </input>
    <view fovmode="0" pannorth="-90">
      <start projection="4" tilt="2.55947" fov="70" pan="1.61113"/>
      <flyin projection="9" tilt="-90" fov="170" pan="0"/>
      <min tilt="-90" fov="5" pan="0"/>
      <max fovstereographic="270" tilt="90" scaletofit="1" fov="120" pan="360" fovfisheye="360"/>
    </view>
    <userdata longitude="-106.15674224173358" customnodeid="" author="" comment="" tags="panos secundaria ultimate|N1" datetime="4/17/2018 4:58 AM" copyright="" latitude="28.70416732342206" source="" title="Taekwondo" info="" description=""/>
    <hotspots width="180" height="20" wordwrap="1">
      <label width="180" bordercolor="0x000000" borderradius="1" borderalpha="1" textalpha="1" backgroundcolor="0xffffff" border="1" enabled="1" textcolor="0x000000" backgroundalpha="1" height="20" background="1" wordwrap="1"/>
      <polystyle bordercolor="0x0000ff" borderalpha="1" mode="0" backgroundcolor="0x0000ff" handcursor="1" backgroundalpha="0.2509803921568627"/>
      <hotspot id="Point01" url="{node5}" skinid="ht_node" tilt="-3.08" title="" target="" description="" pan="45.58"/>
    </hotspots>
    <media/>
    <transition zoomout="0" zoomoutpause="1" softedge="0" enabled="0" zoomfov="20" zoomin="0" zoomspeed="2" type="crossdissolve" blendtime="1" blendcolor="0x000000"/>
    <control lockedwheel="0" speedwheel="1" invertcontrol="1" sensitivity="8" lockedmouse="0" simulatemass="1" lockedkeyboard="0" rubberband="0" hideabout="0" lockedkeyboardzoom="0" invertwheel="0" contextfullscreen="0" contextprojections="0" dblclickfullscreen="0"/>
  </panorama>
  <panorama id="node8">
    <input width="3113" leveltilesize="510" levelbias="0.400" overlap="1" levelingpitch="0" leveltileurl="tiles/node8/cf_%c/l_%l/c_%x/tile_%y.jpg" height="3113" levelbiashidpi="0.400" levelingroll="0">
      <level width="3113" predecode="0" preload="0" height="3113"/>
      <level width="1556" predecode="0" preload="0" height="1556"/>
      <level width="778" predecode="0" preload="0" height="778"/>
      <level width="389" predecode="1" preload="1" height="389"/>
      <preview color="0x808080" strip="1"/>
    </input>
    <view fovmode="0" pannorth="-136">
      <start projection="4" tilt="3.86232" fov="70" pan="-18.3777"/>
      <flyin projection="9" tilt="-90" fov="170" pan="0"/>
      <min tilt="-90" fov="5" pan="0"/>
      <max fovstereographic="270" tilt="90" scaletofit="1" fov="120" pan="360" fovfisheye="360"/>
    </view>
    <userdata longitude="-106.15702665831850" customnodeid="" author="" comment="" tags="panos secundaria ultimate|N1" datetime="5/11/2018 9:26 PM" copyright="" latitude="28.70414867058658" source="" title="Ciencias" info="" description=""/>
    <hotspots width="180" height="20" wordwrap="1">
      <label width="180" bordercolor="0x000000" borderradius="1" borderalpha="1" textalpha="1" backgroundcolor="0xffffff" border="1" enabled="1" textcolor="0x000000" backgroundalpha="1" height="20" background="1" wordwrap="1"/>
      <polystyle bordercolor="0x0000ff" borderalpha="1" mode="0" backgroundcolor="0x0000ff" handcursor="1" backgroundalpha="0.2509803921568627"/>
      <hotspot id="Point01" url="{node3}" skinid="ht_node" tilt="-1.21" title="" target="" description="" pan="-79.2"/>
    </hotspots>
    <media/>
    <transition zoomout="0" zoomoutpause="1" softedge="0" enabled="0" zoomfov="20" zoomin="0" zoomspeed="2" type="crossdissolve" blendtime="1" blendcolor="0x000000"/>
    <control lockedwheel="0" speedwheel="1" invertcontrol="1" sensitivity="8" lockedmouse="0" simulatemass="1" lockedkeyboard="0" rubberband="0" hideabout="0" lockedkeyboardzoom="0" invertwheel="0" contextfullscreen="0" contextprojections="0" dblclickfullscreen="0"/>
  </panorama>
  <panorama id="node10">
    <input width="3100" leveltilesize="510" levelbias="0.400" overlap="1" levelingpitch="0" leveltileurl="tiles/node10/cf_%c/l_%l/c_%x/tile_%y.jpg" height="3100" levelbiashidpi="0.400" levelingroll="0">
      <level width="3100" predecode="0" preload="0" height="3100"/>
      <level width="1550" predecode="0" preload="0" height="1550"/>
      <level width="775" predecode="0" preload="0" height="775"/>
      <level width="387" predecode="1" preload="1" height="387"/>
      <preview color="0x808080" strip="1"/>
    </input>
    <view fovmode="0" pannorth="-98">
      <start projection="4" tilt="0" fov="70" pan="0"/>
      <flyin projection="9" tilt="-90" fov="170" pan="0"/>
      <min tilt="-90" fov="5" pan="0"/>
      <max fovstereographic="270" tilt="90" scaletofit="1" fov="120" pan="360" fovfisheye="360"/>
    </view>
    <userdata longitude="-106.1569708834324" customnodeid="" author="" comment="" tags="panos secundaria ultimate|N2" datetime="6/21/2018 5:08 AM" copyright="" latitude="28.704150999999996" source="" title="Robótica" info="" description=""/>
    <hotspots width="180" height="20" wordwrap="1">
      <label width="180" bordercolor="0x000000" borderradius="1" borderalpha="1" textalpha="1" backgroundcolor="0xffffff" border="1" enabled="1" textcolor="0x000000" backgroundalpha="1" height="20" background="1" wordwrap="1"/>
      <polystyle bordercolor="0x0000ff" borderalpha="1" mode="0" backgroundcolor="0x0000ff" handcursor="1" backgroundalpha="0.2509803921568627"/>
      <hotspot id="Point01" url="{node3}" skinid="ht_node" tilt="-3.56" title="" target="" description="" pan="153.25"/>
      <hotspot id="Point02" url="{node9}" skinid="ht_node" tilt="-2.69" title="" target="" description="" pan="178.53"/>
    </hotspots>
    <media/>
    <transition zoomout="0" zoomoutpause="1" softedge="0" enabled="0" zoomfov="20" zoomin="0" zoomspeed="2" type="crossdissolve" blendtime="1" blendcolor="0x000000"/>
    <control lockedwheel="0" speedwheel="1" invertcontrol="1" sensitivity="8" lockedmouse="0" simulatemass="1" lockedkeyboard="0" rubberband="0" hideabout="0" lockedkeyboardzoom="0" invertwheel="0" contextfullscreen="0" contextprojections="0" dblclickfullscreen="0"/>
  </panorama>
  <panorama id="node9">
    <input width="3109" leveltilesize="510" levelbias="0.400" overlap="1" levelingpitch="0" leveltileurl="tiles/node9/cf_%c/l_%l/c_%x/tile_%y.jpg" height="3109" levelbiashidpi="0.400" levelingroll="0">
      <level width="3109" predecode="0" preload="0" height="3109"/>
      <level width="1554" predecode="0" preload="0" height="1554"/>
      <level width="777" predecode="0" preload="0" height="777"/>
      <level width="388" predecode="1" preload="1" height="388"/>
      <preview color="0x808080" strip="1"/>
    </input>
    <view fovmode="0" pannorth="0">
      <start projection="4" tilt="0" fov="70" pan="0"/>
      <flyin projection="9" tilt="-90" fov="170" pan="0"/>
      <min tilt="-90" fov="5" pan="0"/>
      <max fovstereographic="270" tilt="90" scaletofit="1" fov="120" pan="360" fovfisheye="360"/>
    </view>
    <userdata longitude="-106.15678336747646" customnodeid="" author="" comment="" tags="panos secundaria ultimate|N2" datetime="5/11/2018 9:38 PM" copyright="" latitude="28.70416866765134" source="" title="Salón" info="" description=""/>
    <hotspots width="180" height="20" wordwrap="1">
      <label width="180" bordercolor="0x000000" borderradius="1" borderalpha="1" textalpha="1" backgroundcolor="0xffffff" border="1" enabled="1" textcolor="0x000000" backgroundalpha="1" height="20" background="1" wordwrap="1"/>
      <polystyle bordercolor="0x0000ff" borderalpha="1" mode="0" backgroundcolor="0x0000ff" handcursor="1" backgroundalpha="0.2509803921568627"/>
      <hotspot id="Point01" url="{node2}" skinid="ht_node" tilt="-0.91" title="" target="" description="" pan="143.58"/>
      <hotspot id="Point02" url="{node10}" skinid="ht_node" tilt="-0.01" title="" target="" description="" pan="104.25"/>
    </hotspots>
    <media/>
    <transition zoomout="0" zoomoutpause="1" softedge="0" enabled="0" zoomfov="20" zoomin="0" zoomspeed="2" type="crossdissolve" blendtime="1" blendcolor="0x000000"/>
    <control lockedwheel="0" speedwheel="1" invertcontrol="1" sensitivity="8" lockedmouse="0" simulatemass="1" lockedkeyboard="0" rubberband="0" hideabout="0" lockedkeyboardzoom="0" invertwheel="0" contextfullscreen="0" contextprojections="0" dblclickfullscreen="0"/>
  </panorama>
</tour>
