<?xml version="1.0" encoding="UTF-8"?>
<tour apprev="15983" appversion="5.2.2" start="node5">
  <panorama id="node5" hideabout="1">
    <input width="3108" leveltilesize="510" levelbias="0.400" overlap="1" levelingpitch="0" leveltileurl="tiles/node5/cf_%c/l_%l/c_%x/tile_%y.jpg" height="3108" levelbiashidpi="0.400" levelingroll="0">
      <level width="3108" predecode="0" preload="0" height="3108"/>
      <level width="1554" predecode="0" preload="0" height="1554"/>
      <level width="777" predecode="0" preload="0" height="777"/>
      <level width="388" predecode="1" preload="1" height="388"/>
      <preview color="0x808080" strip="1"/>
    </input>
    <view fovmode="0" pannorth="-56">
      <start projection="4" tilt="1.68659" fov="70" pan="118.398"/>
      <flyin projection="9" tilt="-90" fov="170" pan="0"/>
      <min tilt="-90" fov="5" pan="0"/>
      <max fovstereographic="270" tilt="90" scaletofit="1" fov="120" pan="360" fovfisheye="360"/>
    </view>
    <userdata longitude="-106.15409572883607" customnodeid="" author="" comment="" tags="panos|PB" datetime="5/24/2018 6:05 AM" copyright="" latitude="28.703046705241825" source="" title="Fachada" info="" description=""/>
    <hotspots width="180" height="20" wordwrap="1">
      <label width="180" bordercolor="0xaa0000" borderradius="1" borderalpha="1" textalpha="1" backgroundcolor="0xffffff" border="1" enabled="1" textcolor="0x000000" backgroundalpha="1" height="20" background="1" wordwrap="1"/>
      <polystyle bordercolor="0x0000ff" borderalpha="1" mode="0" backgroundcolor="0x0000ff" handcursor="1" backgroundalpha="0.2509803921568627"/>
      <hotspot id="Point01" url="{node9}" skinid="ht_node" tilt="0" title="Patio" target="$fwd" description="" pan="-196.366"/>
      <hotspot id="Point02" url="" skinid="ht_info" tilt="29.1" title="Belmont" target="" description="Fundado en... &#xa;Hubicado al norte de la Ciudad&#xa;Etc.&#xa;&lt;a href='http://mx.unoi.com/' target='_blank'>&lt;img src='images/uno.png'/>&lt;/a>" pan="132.71"/>
      <hotspot id="Point03" url="images/belmont_10_years.png" skinid="ht_image" tilt="2.73" title="10 years" target="" description="Celebrando decimo aniver..." pan="73.73"/>
    </hotspots>
    <media/>
    <transition zoomout="0" zoomoutpause="1" softedge="0" enabled="0" zoomfov="20" zoomin="0" zoomspeed="2" type="crossdissolve" blendtime="1" blendcolor="0x000000"/>
    <animation useinautorotation="0" syncanimationwithvideo="0"/>
    <control lockedwheel="0" speedwheel="1" invertcontrol="1" sensitivity="8" lockedmouse="0" simulatemass="1" lockedkeyboard="0" rubberband="0" hideabout="1" lockedkeyboardzoom="0" invertwheel="0" contextfullscreen="0" contextprojections="0" dblclickfullscreen="0"/>
  </panorama>
  <panorama id="node9" hideabout="1">
    <input width="3122" leveltilesize="510" levelbias="0.400" overlap="1" levelingpitch="0" leveltileurl="tiles/node9/cf_%c/l_%l/c_%x/tile_%y.jpg" height="3122" levelbiashidpi="0.400" levelingroll="0">
      <level width="3122" predecode="0" preload="0" height="3122"/>
      <level width="1561" predecode="0" preload="0" height="1561"/>
      <level width="780" predecode="0" preload="0" height="780"/>
      <level width="390" predecode="1" preload="1" height="390"/>
      <preview color="0x808080" strip="1"/>
    </input>
    <view fovmode="0" pannorth="-139">
      <start projection="4" tilt="1.60558" fov="71.3303" pan="45.2384"/>
      <flyin projection="9" tilt="-90" fov="170" pan="0"/>
      <min tilt="-90" fov="5" pan="0"/>
      <max fovstereographic="270" tilt="90" scaletofit="1" fov="120" pan="360" fovfisheye="360"/>
    </view>
    <userdata longitude="-106.15404471932186" customnodeid="" author="" comment="" tags="panos|PB" datetime="5/24/2018 5:58 AM" copyright="" latitude="28.70299268729232" source="" title="Patio" info="" description=""/>
    <hotspots width="180" height="20" wordwrap="1">
      <label width="180" bordercolor="0xaa0000" borderradius="1" borderalpha="1" textalpha="1" backgroundcolor="0xffffff" border="1" enabled="1" textcolor="0x000000" backgroundalpha="1" height="20" background="1" wordwrap="1"/>
      <polystyle bordercolor="0x0000ff" borderalpha="1" mode="0" backgroundcolor="0x0000ff" handcursor="1" backgroundalpha="0.2509803921568627"/>
      <hotspot id="Point01" url="{node5}" skinid="ht_node" tilt="-2.54" title="Fachada" target="$fwd" description="" pan="-139.96"/>
      <hotspot id="Point02" url="{node14}" skinid="ht_node" tilt="-2.73" title="Lobby" target="-12.6/1.7/71.3" description="" pan="38.69"/>
      <hotspot id="Point03" url="" skinid="ht_info" tilt="-7.43" title="Especio" target="" description="Contamos con espacios abiertos..." pan="110.8"/>
    </hotspots>
    <media/>
    <transition zoomout="0" zoomoutpause="1" softedge="0" enabled="0" zoomfov="20" zoomin="0" zoomspeed="2" type="crossdissolve" blendtime="1" blendcolor="0x000000"/>
    <animation useinautorotation="0" syncanimationwithvideo="0"/>
    <control lockedwheel="0" speedwheel="1" invertcontrol="1" sensitivity="8" lockedmouse="0" simulatemass="1" lockedkeyboard="0" rubberband="0" hideabout="1" lockedkeyboardzoom="0" invertwheel="0" contextfullscreen="0" contextprojections="0" dblclickfullscreen="0"/>
  </panorama>
  <panorama id="node14" hideabout="1">
    <input width="3111" leveltilesize="510" levelbias="0.400" overlap="1" levelingpitch="0" leveltileurl="tiles/node14/cf_%c/l_%l/c_%x/tile_%y.jpg" height="3111" levelbiashidpi="0.400" levelingroll="0">
      <level width="3111" predecode="0" preload="0" height="3111"/>
      <level width="1555" predecode="0" preload="0" height="1555"/>
      <level width="777" predecode="0" preload="0" height="777"/>
      <level width="388" predecode="1" preload="1" height="388"/>
      <preview color="0x808080" strip="1"/>
    </input>
    <view fovmode="0" pannorth="139">
      <start projection="4" tilt="-0.868546" fov="71.3303" pan="1.61359"/>
      <flyin projection="9" tilt="-90" fov="170" pan="0"/>
      <min tilt="-90" fov="5" pan="0"/>
      <max fovstereographic="270" tilt="90" scaletofit="1" fov="120" pan="360" fovfisheye="360"/>
    </view>
    <userdata longitude="-106.154060510416" customnodeid="" author="" comment="" tags="panos|PB" datetime="5/24/2018 5:50 AM" copyright="" latitude="28.702953363471416" source="" title="Lobby" info="" description=""/>
    <hotspots width="180" height="20" wordwrap="1">
      <label width="180" bordercolor="0xaa0000" borderradius="1" borderalpha="1" textalpha="1" backgroundcolor="0xffffff" border="1" enabled="1" textcolor="0x000000" backgroundalpha="1" height="20" background="1" wordwrap="1"/>
      <polystyle bordercolor="0x0000ff" borderalpha="1" mode="0" backgroundcolor="0x0000ff" handcursor="1" backgroundalpha="0.2509803921568627"/>
      <hotspot id="Point01" url="{node9}" skinid="ht_node" tilt="-6.51" title="Patio" target="32.8/-2.7/71.3" description="" pan="147.11"/>
      <hotspot id="Point02" url="{node7}" skinid="ht_node" tilt="11.54" title="Escaleras" target="" description="" pan="-2.36"/>
      <hotspot id="Point03" url="{node11}" skinid="ht_node" tilt="-1.9" title="Motricidad" target="$fwd" description="" pan="37.37"/>
      <hotspot id="Point04" url="" skinid="ht_url" tilt="27.44" title="" target="_blank" description="" pan="-72.3"/>
    </hotspots>
    <media/>
    <transition zoomout="0" zoomoutpause="1" softedge="0" enabled="0" zoomfov="20" zoomin="0" zoomspeed="2" type="crossdissolve" blendtime="1" blendcolor="0x000000"/>
    <animation useinautorotation="0" syncanimationwithvideo="0"/>
    <control lockedwheel="0" speedwheel="1" invertcontrol="1" sensitivity="8" lockedmouse="0" simulatemass="1" lockedkeyboard="0" rubberband="0" hideabout="1" lockedkeyboardzoom="0" invertwheel="0" contextfullscreen="0" contextprojections="0" dblclickfullscreen="0"/>
  </panorama>
  <panorama id="node7" hideabout="1">
    <input width="3110" leveltilesize="510" levelbias="0.400" overlap="1" levelingpitch="0" leveltileurl="tiles/node7/cf_%c/l_%l/c_%x/tile_%y.jpg" height="3110" levelbiashidpi="0.400" levelingroll="0">
      <level width="3110" predecode="0" preload="0" height="3110"/>
      <level width="1555" predecode="0" preload="0" height="1555"/>
      <level width="777" predecode="0" preload="0" height="777"/>
      <level width="388" predecode="1" preload="1" height="388"/>
      <preview color="0x808080" strip="1"/>
    </input>
    <view fovmode="0" pannorth="133">
      <start projection="4" tilt="-10.7103" fov="70" pan="161.598"/>
      <flyin projection="9" tilt="-90" fov="170" pan="0"/>
      <min tilt="-90" fov="5" pan="0"/>
      <max fovstereographic="270" tilt="90" scaletofit="1" fov="120" pan="360" fovfisheye="360"/>
    </view>
    <userdata longitude="-106.15405063558194" customnodeid="" author="" comment="" tags="panos|PB" datetime="5/24/2018 5:25 AM" copyright="" latitude="28.702901294751868" source="" title="Escaleras" info="" description=""/>
    <hotspots width="180" height="20" wordwrap="1">
      <label width="180" bordercolor="0xaa0000" borderradius="1" borderalpha="1" textalpha="1" backgroundcolor="0xffffff" border="1" enabled="1" textcolor="0x000000" backgroundalpha="1" height="20" background="1" wordwrap="1"/>
      <polystyle bordercolor="0x0000ff" borderalpha="1" mode="0" backgroundcolor="0x0000ff" handcursor="1" backgroundalpha="0.2509803921568627"/>
      <hotspot id="Point01" url="{node14}" skinid="ht_node" tilt="-25.4" title="Lobby" target="$fwd" description="" pan="151.52"/>
      <hotspot id="Point02" url="{node12}" skinid="ht_node" tilt="12.51" title="Pasillo" target="$fwd" description="" pan="183.97"/>
    </hotspots>
    <media/>
    <transition zoomout="0" zoomoutpause="1" softedge="0" enabled="0" zoomfov="20" zoomin="0" zoomspeed="2" type="crossdissolve" blendtime="1" blendcolor="0x000000"/>
    <animation useinautorotation="0" syncanimationwithvideo="0"/>
    <control lockedwheel="0" speedwheel="1" invertcontrol="1" sensitivity="8" lockedmouse="0" simulatemass="1" lockedkeyboard="0" rubberband="0" hideabout="1" lockedkeyboardzoom="0" invertwheel="0" contextfullscreen="0" contextprojections="0" dblclickfullscreen="0"/>
  </panorama>
  <panorama id="node12" hideabout="1">
    <input width="3116" leveltilesize="510" levelbias="0.400" overlap="1" levelingpitch="0" leveltileurl="tiles/node12/cf_%c/l_%l/c_%x/tile_%y.jpg" height="3116" levelbiashidpi="0.400" levelingroll="0">
      <level width="3116" predecode="0" preload="0" height="3116"/>
      <level width="1558" predecode="0" preload="0" height="1558"/>
      <level width="779" predecode="0" preload="0" height="779"/>
      <level width="389" predecode="1" preload="1" height="389"/>
      <preview color="0x808080" strip="1"/>
    </input>
    <view fovmode="0" pannorth="78">
      <start projection="4" tilt="-2.26194" fov="71.3303" pan="139.971"/>
      <flyin projection="9" tilt="-90" fov="170" pan="0"/>
      <min tilt="-90" fov="5" pan="0"/>
      <max fovstereographic="270" tilt="90" scaletofit="1" fov="120" pan="360" fovfisheye="360"/>
    </view>
    <userdata longitude="-106.15408972023772" customnodeid="" author="" comment="" tags="panos|PA" datetime="5/24/2018 5:20 AM" copyright="" latitude="28.70290264737592" source="" title="Pasillo" info="" description=""/>
    <hotspots width="180" height="20" wordwrap="1">
      <label width="180" bordercolor="0xaa0000" borderradius="1" borderalpha="1" textalpha="1" backgroundcolor="0xffffff" border="1" enabled="1" textcolor="0x000000" backgroundalpha="1" height="20" background="1" wordwrap="1"/>
      <polystyle bordercolor="0x0000ff" borderalpha="1" mode="0" backgroundcolor="0x0000ff" handcursor="1" backgroundalpha="0.2509803921568627"/>
      <hotspot id="Point01" url="{node7}" skinid="ht_node" tilt="-17.78" title="Escaleras" target="$fwd" description="" pan="-33.07"/>
      <hotspot id="Point02" url="{node15}" skinid="ht_node" tilt="-6.05" title="Salon" target="$fwd" description="" pan="-101.26"/>
      <hotspot id="Point03" url="{node13}" skinid="ht_node" tilt="-1.6" title="Pasillo" target="$fwd" description="" pan="165.39"/>
      <hotspot id="Point04" url="{node2}" skinid="ht_node" tilt="-5.72" title="3A" target="$fwd" description="" pan="101.35"/>
    </hotspots>
    <media/>
    <transition zoomout="0" zoomoutpause="1" softedge="0" enabled="0" zoomfov="20" zoomin="0" zoomspeed="2" type="crossdissolve" blendtime="1" blendcolor="0x000000"/>
    <animation useinautorotation="0" syncanimationwithvideo="0"/>
    <control lockedwheel="0" speedwheel="1" invertcontrol="1" sensitivity="8" lockedmouse="0" simulatemass="1" lockedkeyboard="0" rubberband="0" hideabout="1" lockedkeyboardzoom="0" invertwheel="0" contextfullscreen="0" contextprojections="0" dblclickfullscreen="0"/>
  </panorama>
  <panorama id="node15" hideabout="1">
    <input width="3111" leveltilesize="510" levelbias="0.400" overlap="1" levelingpitch="0" leveltileurl="tiles/node15/cf_%c/l_%l/c_%x/tile_%y.jpg" height="3111" levelbiashidpi="0.400" levelingroll="0">
      <level width="3111" predecode="0" preload="0" height="3111"/>
      <level width="1555" predecode="0" preload="0" height="1555"/>
      <level width="777" predecode="0" preload="0" height="777"/>
      <level width="388" predecode="1" preload="1" height="388"/>
      <preview color="0x808080" strip="1"/>
    </input>
    <view fovmode="0" pannorth="-132">
      <start projection="4" tilt="1.16538" fov="71.3303" pan="-115.05"/>
      <flyin projection="9" tilt="-90" fov="170" pan="0"/>
      <min tilt="-90" fov="5" pan="0"/>
      <max fovstereographic="270" tilt="90" scaletofit="1" fov="120" pan="360" fovfisheye="360"/>
    </view>
    <userdata longitude="-106.154081317791" customnodeid="" author="" comment="" tags="panos|PA" datetime="5/24/2018 4:35 AM" copyright="" latitude="28.702884699874925" source="" title="Salon" info="" description=""/>
    <hotspots width="180" height="20" wordwrap="1">
      <label width="180" bordercolor="0xaa0000" borderradius="1" borderalpha="1" textalpha="1" backgroundcolor="0xffffff" border="1" enabled="1" textcolor="0x000000" backgroundalpha="1" height="20" background="1" wordwrap="1"/>
      <polystyle bordercolor="0x0000ff" borderalpha="1" mode="0" backgroundcolor="0x0000ff" handcursor="1" backgroundalpha="0.2509803921568627"/>
      <hotspot id="Point01" url="{node12}" skinid="ht_node" tilt="-3.38" title="Pasillo" target="$fwd" description="" pan="-106.55"/>
    </hotspots>
    <media/>
    <transition zoomout="0" zoomoutpause="1" softedge="0" enabled="0" zoomfov="20" zoomin="0" zoomspeed="2" type="crossdissolve" blendtime="1" blendcolor="0x000000"/>
    <animation useinautorotation="0" syncanimationwithvideo="0"/>
    <control lockedwheel="0" speedwheel="1" invertcontrol="1" sensitivity="8" lockedmouse="0" simulatemass="1" lockedkeyboard="0" rubberband="0" hideabout="1" lockedkeyboardzoom="0" invertwheel="0" contextfullscreen="0" contextprojections="0" dblclickfullscreen="0"/>
  </panorama>
  <panorama id="node2" hideabout="1">
    <input width="3121" leveltilesize="510" levelbias="0.400" overlap="1" levelingpitch="0" leveltileurl="tiles/node2/cf_%c/l_%l/c_%x/tile_%y.jpg" height="3121" levelbiashidpi="0.400" levelingroll="0">
      <level width="3121" predecode="0" preload="0" height="3121"/>
      <level width="1560" predecode="0" preload="0" height="1560"/>
      <level width="780" predecode="0" preload="0" height="780"/>
      <level width="390" predecode="1" preload="1" height="390"/>
      <preview color="0x808080" strip="1"/>
    </input>
    <view fovmode="0" pannorth="18">
      <start projection="4" tilt="-1.04451" fov="70" pan="153.959"/>
      <flyin projection="9" tilt="-90" fov="170" pan="0"/>
      <min tilt="-90" fov="5" pan="0"/>
      <max fovstereographic="270" tilt="90" scaletofit="1" fov="120" pan="360" fovfisheye="360"/>
    </view>
    <userdata longitude="-106.15408575214957" customnodeid="" author="" comment="" tags="panos|PA" datetime="5/24/2018 4:47 AM" copyright="" latitude="28.702921881559323" source="" title="3A" info="" description=""/>
    <hotspots width="180" height="20" wordwrap="1">
      <label width="180" bordercolor="0xaa0000" borderradius="1" borderalpha="1" textalpha="1" backgroundcolor="0xffffff" border="1" enabled="1" textcolor="0x000000" backgroundalpha="1" height="20" background="1" wordwrap="1"/>
      <polystyle bordercolor="0x0000ff" borderalpha="1" mode="0" backgroundcolor="0x0000ff" handcursor="1" backgroundalpha="0.2509803921568627"/>
      <hotspot id="Point01" url="{node12}" skinid="ht_node" tilt="-3.94" title="Pasillo" target="$fwd" description="" pan="539.35"/>
    </hotspots>
    <media/>
    <transition zoomout="0" zoomoutpause="1" softedge="0" enabled="0" zoomfov="20" zoomin="0" zoomspeed="2" type="crossdissolve" blendtime="1" blendcolor="0x000000"/>
    <animation useinautorotation="0" syncanimationwithvideo="0"/>
    <control lockedwheel="0" speedwheel="1" invertcontrol="1" sensitivity="8" lockedmouse="0" simulatemass="1" lockedkeyboard="0" rubberband="0" hideabout="1" lockedkeyboardzoom="0" invertwheel="0" contextfullscreen="0" contextprojections="0" dblclickfullscreen="0"/>
  </panorama>
  <panorama id="node6" hideabout="1">
    <input width="3111" leveltilesize="510" levelbias="0.400" overlap="1" levelingpitch="0" leveltileurl="tiles/node6/cf_%c/l_%l/c_%x/tile_%y.jpg" height="3111" levelbiashidpi="0.400" levelingroll="0">
      <level width="3111" predecode="0" preload="0" height="3111"/>
      <level width="1555" predecode="0" preload="0" height="1555"/>
      <level width="777" predecode="0" preload="0" height="777"/>
      <level width="388" predecode="1" preload="1" height="388"/>
      <preview color="0x808080" strip="1"/>
    </input>
    <view fovmode="0" pannorth="168">
      <start projection="4" tilt="-0.836907" fov="70" pan="-23.4665"/>
      <flyin projection="9" tilt="-90" fov="170" pan="0"/>
      <min tilt="-90" fov="5" pan="0"/>
      <max fovstereographic="270" tilt="90" scaletofit="1" fov="120" pan="360" fovfisheye="360"/>
    </view>
    <userdata longitude="-106.15413890623500" customnodeid="" author="" comment="" tags="panos|PA" datetime="5/24/2018 5:04 AM" copyright="" latitude="28.70293322933183" source="" title="Salon" info="" description=""/>
    <hotspots width="180" height="20" wordwrap="1">
      <label width="180" bordercolor="0xaa0000" borderradius="1" borderalpha="1" textalpha="1" backgroundcolor="0xffffff" border="1" enabled="1" textcolor="0x000000" backgroundalpha="1" height="20" background="1" wordwrap="1"/>
      <polystyle bordercolor="0x0000ff" borderalpha="1" mode="0" backgroundcolor="0x0000ff" handcursor="1" backgroundalpha="0.2509803921568627"/>
      <hotspot id="Point01" url="{node13}" skinid="ht_node" tilt="-4.81" title="Pasillo" target="$fwd" description="" pan="360.32"/>
    </hotspots>
    <media/>
    <transition zoomout="0" zoomoutpause="1" softedge="0" enabled="0" zoomfov="20" zoomin="0" zoomspeed="2" type="crossdissolve" blendtime="1" blendcolor="0x000000"/>
    <animation useinautorotation="0" syncanimationwithvideo="0"/>
    <control lockedwheel="0" speedwheel="1" invertcontrol="1" sensitivity="8" lockedmouse="0" simulatemass="1" lockedkeyboard="0" rubberband="0" hideabout="1" lockedkeyboardzoom="0" invertwheel="0" contextfullscreen="0" contextprojections="0" dblclickfullscreen="0"/>
  </panorama>
  <panorama id="node13" hideabout="1">
    <input width="3112" leveltilesize="510" levelbias="0.400" overlap="1" levelingpitch="0" leveltileurl="tiles/node13/cf_%c/l_%l/c_%x/tile_%y.jpg" height="3112" levelbiashidpi="0.400" levelingroll="0">
      <level width="3112" predecode="0" preload="0" height="3112"/>
      <level width="1556" predecode="0" preload="0" height="1556"/>
      <level width="778" predecode="0" preload="0" height="778"/>
      <level width="389" predecode="1" preload="1" height="389"/>
      <preview color="0x808080" strip="1"/>
    </input>
    <view fovmode="0" pannorth="51">
      <start projection="4" tilt="-6.76586" fov="71.3303" pan="-33.8508"/>
      <flyin projection="9" tilt="-90" fov="170" pan="0"/>
      <min tilt="-90" fov="5" pan="0"/>
      <max fovstereographic="270" tilt="90" scaletofit="1" fov="120" pan="360" fovfisheye="360"/>
    </view>
    <userdata longitude="-106.1541857116394" customnodeid="" author="" comment="" tags="panos|PA" datetime="5/24/2018 5:10 AM" copyright="" latitude="28.702923526238855" source="" title="Pasillo" info="" description=""/>
    <hotspots width="180" height="20" wordwrap="1">
      <label width="180" bordercolor="0xaa0000" borderradius="1" borderalpha="1" textalpha="1" backgroundcolor="0xffffff" border="1" enabled="1" textcolor="0x000000" backgroundalpha="1" height="20" background="1" wordwrap="1"/>
      <polystyle bordercolor="0x0000ff" borderalpha="1" mode="0" backgroundcolor="0x0000ff" handcursor="1" backgroundalpha="0.2509803921568627"/>
      <hotspot id="Point02" url="{node12}" skinid="ht_node" tilt="-1.71" title="Pasillo" target="$fwd" description="" pan="-68.89"/>
      <hotspot id="Point03" url="{node6}" skinid="ht_node" tilt="-3.49" title="Salon" target="$fwd" description="" pan="7.42"/>
      <hotspot id="Point01" url="{node8}" skinid="ht_node" tilt="-3.29" title="Salon" target="$fwd" description="" pan="77.34"/>
    </hotspots>
    <media/>
    <transition zoomout="0" zoomoutpause="1" softedge="0" enabled="0" zoomfov="20" zoomin="0" zoomspeed="2" type="crossdissolve" blendtime="1" blendcolor="0x000000"/>
    <animation useinautorotation="0" syncanimationwithvideo="0"/>
    <control lockedwheel="0" speedwheel="1" invertcontrol="1" sensitivity="8" lockedmouse="0" simulatemass="1" lockedkeyboard="0" rubberband="0" hideabout="1" lockedkeyboardzoom="0" invertwheel="0" contextfullscreen="0" contextprojections="0" dblclickfullscreen="0"/>
  </panorama>
  <panorama id="node8" hideabout="1">
    <input width="3116" leveltilesize="510" levelbias="0.400" overlap="1" levelingpitch="0" leveltileurl="tiles/node8/cf_%c/l_%l/c_%x/tile_%y.jpg" height="3116" levelbiashidpi="0.400" levelingroll="0">
      <level width="3116" predecode="0" preload="0" height="3116"/>
      <level width="1558" predecode="0" preload="0" height="1558"/>
      <level width="779" predecode="0" preload="0" height="779"/>
      <level width="389" predecode="1" preload="1" height="389"/>
      <preview color="0x808080" strip="1"/>
    </input>
    <view fovmode="0" pannorth="143">
      <start projection="4" tilt="-1.69449" fov="71.3303" pan="-60.6387"/>
      <flyin projection="9" tilt="-90" fov="170" pan="0"/>
      <min tilt="-90" fov="5" pan="0"/>
      <max fovstereographic="270" tilt="90" scaletofit="1" fov="120" pan="360" fovfisheye="360"/>
    </view>
    <userdata longitude="-106.15422002083204" customnodeid="" author="" comment="" tags="panos|PA" datetime="5/24/2018 5:07 AM" copyright="" latitude="28.702957052467916" source="" title="Salon" info="" description=""/>
    <hotspots width="180" height="20" wordwrap="1">
      <label width="180" bordercolor="0xaa0000" borderradius="1" borderalpha="1" textalpha="1" backgroundcolor="0xffffff" border="1" enabled="1" textcolor="0x000000" backgroundalpha="1" height="20" background="1" wordwrap="1"/>
      <polystyle bordercolor="0x0000ff" borderalpha="1" mode="0" backgroundcolor="0x0000ff" handcursor="1" backgroundalpha="0.2509803921568627"/>
      <hotspot id="Point01" url="{node13}" skinid="ht_node" tilt="-1.6" title="Pasillo" target="$fwd" description="" pan="-5.66"/>
    </hotspots>
    <media/>
    <transition zoomout="0" zoomoutpause="1" softedge="0" enabled="0" zoomfov="20" zoomin="0" zoomspeed="2" type="crossdissolve" blendtime="1" blendcolor="0x000000"/>
    <animation useinautorotation="0" syncanimationwithvideo="0"/>
    <control lockedwheel="0" speedwheel="1" invertcontrol="1" sensitivity="8" lockedmouse="0" simulatemass="1" lockedkeyboard="0" rubberband="0" hideabout="1" lockedkeyboardzoom="0" invertwheel="0" contextfullscreen="0" contextprojections="0" dblclickfullscreen="0"/>
  </panorama>
  <panorama id="node11" hideabout="1">
    <input width="3106" leveltilesize="510" levelbias="0.400" overlap="1" levelingpitch="0" leveltileurl="tiles/node11/cf_%c/l_%l/c_%x/tile_%y.jpg" height="3106" levelbiashidpi="0.400" levelingroll="0">
      <level width="3106" predecode="0" preload="0" height="3106"/>
      <level width="1553" predecode="0" preload="0" height="1553"/>
      <level width="776" predecode="0" preload="0" height="776"/>
      <level width="388" predecode="1" preload="1" height="388"/>
      <preview color="0x808080" strip="1"/>
    </input>
    <view fovmode="0" pannorth="-43">
      <start projection="4" tilt="-9.04666" fov="70" pan="-42.3419"/>
      <flyin projection="9" tilt="-90" fov="170" pan="0"/>
      <min tilt="-90" fov="5" pan="0"/>
      <max fovstereographic="270" tilt="90" scaletofit="1" fov="120" pan="360" fovfisheye="360"/>
    </view>
    <userdata longitude="-106.1539968104334" customnodeid="" author="" comment="" tags="panos|PA" datetime="5/24/2018 5:38 AM" copyright="" latitude="28.702935351948245" source="" title="Motricidad" info="" description=""/>
    <hotspots width="180" height="20" wordwrap="1">
      <label width="180" bordercolor="0xaa0000" borderradius="1" borderalpha="1" textalpha="1" backgroundcolor="0xffffff" border="1" enabled="1" textcolor="0x000000" backgroundalpha="1" height="20" background="1" wordwrap="1"/>
      <polystyle bordercolor="0x0000ff" borderalpha="1" mode="0" backgroundcolor="0x0000ff" handcursor="1" backgroundalpha="0.2509803921568627"/>
      <hotspot id="Point01" url="{node10}" skinid="ht_node" tilt="-0.41" title="Maternal" target="$fwd" description="" pan="-126.65"/>
      <hotspot id="Point02" url="{node14}" skinid="ht_node" tilt="1.21" title="Lobby" target="$fwd" description="" pan="24.03"/>
    </hotspots>
    <media/>
    <transition zoomout="0" zoomoutpause="1" softedge="0" enabled="0" zoomfov="20" zoomin="0" zoomspeed="2" type="crossdissolve" blendtime="1" blendcolor="0x000000"/>
    <animation useinautorotation="0" syncanimationwithvideo="0"/>
    <control lockedwheel="0" speedwheel="1" invertcontrol="1" sensitivity="8" lockedmouse="0" simulatemass="1" lockedkeyboard="0" rubberband="0" hideabout="1" lockedkeyboardzoom="0" invertwheel="0" contextfullscreen="0" contextprojections="0" dblclickfullscreen="0"/>
  </panorama>
  <panorama id="node10" hideabout="1">
    <input width="3115" leveltilesize="510" levelbias="0.400" overlap="1" levelingpitch="0" leveltileurl="tiles/node10/cf_%c/l_%l/c_%x/tile_%y.jpg" height="3115" levelbiashidpi="0.400" levelingroll="0">
      <level width="3115" predecode="0" preload="0" height="3115"/>
      <level width="1557" predecode="0" preload="0" height="1557"/>
      <level width="778" predecode="0" preload="0" height="778"/>
      <level width="389" predecode="1" preload="1" height="389"/>
      <preview color="0x808080" strip="1"/>
    </input>
    <view fovmode="0" pannorth="-10">
      <start projection="4" tilt="-10.478" fov="70" pan="-28.1716"/>
      <flyin projection="9" tilt="-90" fov="170" pan="0"/>
      <min tilt="-90" fov="5" pan="0"/>
      <max fovstereographic="270" tilt="90" scaletofit="1" fov="120" pan="360" fovfisheye="360"/>
    </view>
    <userdata longitude="-106.15398189508915" customnodeid="" author="" comment="" tags="panos|PA" datetime="5/24/2018 5:35 AM" copyright="" latitude="28.702928353973878" source="" title="Maternal" info="" description=""/>
    <hotspots width="180" height="20" wordwrap="1">
      <label width="180" bordercolor="0xaa0000" borderradius="1" borderalpha="1" textalpha="1" backgroundcolor="0xffffff" border="1" enabled="1" textcolor="0x000000" backgroundalpha="1" height="20" background="1" wordwrap="1"/>
      <polystyle bordercolor="0x0000ff" borderalpha="1" mode="0" backgroundcolor="0x0000ff" handcursor="1" backgroundalpha="0.2509803921568627"/>
      <hotspot id="Point02" url="{node11}" skinid="ht_node" tilt="-1.44" title="Motricidad" target="$fwd" description="" pan="12.44"/>
      <hotspot id="Point01" url="" skinid="ht_info" tilt="-4.55" title="InfoMotri" target="" description="La motricidad infantil desde ya... &lt;h1>Hello&lt;/h1>" pan="131.19"/>
    </hotspots>
    <media/>
    <transition zoomout="0" zoomoutpause="1" softedge="0" enabled="0" zoomfov="20" zoomin="0" zoomspeed="2" type="crossdissolve" blendtime="1" blendcolor="0x000000"/>
    <animation useinautorotation="0" syncanimationwithvideo="0"/>
    <control lockedwheel="0" speedwheel="1" invertcontrol="1" sensitivity="8" lockedmouse="0" simulatemass="1" lockedkeyboard="0" rubberband="0" hideabout="1" lockedkeyboardzoom="0" invertwheel="0" contextfullscreen="0" contextprojections="0" dblclickfullscreen="0"/>
  </panorama>
</tour>
